{
	"id": 56779294,
	"name": "WaveBreaker",
	"author": "Lemons",
	"tags": [
		"2.1",
		"Long",
		"Fast-Paced",
		"Flow",
		"Overall"
	],
	"creators": [
		"Dorami",
		"Angryboy",
		"Lemons",
		"DanZmeN",
		"Chlorines",
		"Bransilver",
		"Osiris GD",
		"MarEng",
		"Quacduc",
		"MrKoolTrix"
	],
	"verifier": "Golden",
	"verification": "https://www.youtube.com/watch?v=Uky3BixaaDc",
	"percentToQualify": 100,
	"password": "040400",
	"records": [
		{
			"user": "Shrixy",
			"link": "https://youtu.be/10xP70gjWP4",
			"percent": 100,
			"hz": 360
		},
		{
			"user": "Archanee",
			"link": "https://www.twitch.tv/videos/1836011725",
			"percent": 100,
			"hz": 360
		},
		{
			"user": "theworldofme",
			"link": "https://www.youtube.com/watch?v=wapxUIvbrgk",
			"percent": 100,
			"hz": 360
		},
		{
			"user": "Lia",
			"link": "https://youtu.be/DWd5PoEmXc0",
			"percent": 100,
			"hz": 360
		},
		{
			"user": "Bleamer",
			"link": "https://www.youtube.com/watch?v=uhtgajo-a0A&t=&ab_channel=Bleamer",
			"percent": 100,
			"hz": 144
		},
		{
			"user": "ultrakawaHD",
			"link": "https://www.youtube.com/watch?v=V1g2_z25x2Q",
			"percent": 100,
			"hz": 144
		},
		{
			"user": "SamtheFman",
			"link": "https://www.youtube.com/watch?v=4la3sRhgltw",
			"percent": 100,
			"hz": 144
		},
		{
			"user": "TheyCallMeEvan",
			"link": "https://youtu.be/LW37Gwaegrw",
			"percent": 100,
			"hz": 240
		},
		{
			"user": "MasterOfDonkeys",
			"link": "https://youtu.be/rF-y__pyWUo",
			"percent": 100,
			"hz": 240
		},
		{
			"user": "Patrick61804",
			"link": "https://youtu.be/O_Zk8adr2Vk",
			"percent": 100,
			"hz": 144
		},
		{
			"user": "LinedriveGD",
			"link": "https://www.youtube.com/watch?v=Z20AAyywE14",
			"percent": 100,
			"hz": 360
		},
		{
			"user": "shinn",
			"link": "https://www.youtube.com/watch?v=RusZmd8IWng",
			"percent": 100,
			"hz": 216
		},
		{
			"user": "LocNil",
			"link": "https://www.youtube.com/watch?v=HSfeln35qAw",
			"percent": 100,
			"hz": 144
		},
		{
			"user": "Blathers",
			"link": "https://youtu.be/7uXejLcHrQI",
			"percent": 100,
			"hz": 288
		},
		{
			"user": "jupi",
			"link": "https://youtu.be/A_MulYMBHKM",
			"percent": 100,
			"hz": 240
		},
		{
			"user": "psychotix",
			"link": "https://www.youtube.com/watch?v=9VWrbr5PwZU&list=PL9JaiMITBLQ2fPhdu2hTPnWVyroa5hHFR&index=18",
			"percent": 100,
			"hz": 144
		},
		{
			"user": "lumi",
			"link": "https://youtu.be/Wrarakg-n1c",
			"percent": 100,
			"hz": 240
		},
		{
			"user": "harrisongamez",
			"link": "https://youtu.be/PRzvsYhfwe0",
			"percent": 100,
			"hz": 300
		},
		{
			"user": "Leslie",
			"link": "https://www.youtube.com/watch?v=vimQ2qOAkho",
			"percent": 100,
			"hz": 144
		},
		{
			"user": "Tamelnv",
			"link": "https://www.youtube.com/watch?v=gBIGsIE0wmM",
			"percent": 100,
			"hz": 60
		},
		{
			"user": "ViperVenom95",
			"link": "https://www.youtube.com/watch?v=Pkjx5dVUXq0&ab_channel=ViperVenom95",
			"percent": 100,
			"hz": 60
		},
		{
			"user": "HotNooB",
			"link": "https://youtu.be/pZ-LUU8spEI",
			"percent": 100,
			"hz": 288
		},
		{
			"user": "Wyse",
			"link": "https://youtu.be/qGnsKZC8O_A",
			"percent": 100,
			"hz": 240
		},
		{
			"user": "plimbus",
			"link": "https://youtu.be/PXPRPZsiJ_Q",
			"percent": 100,
			"hz": 240
		},
		{
			"user": "KSol",
			"link": "https://youtu.be/2B01Z8UOHjU",
			"percent": 100,
			"hz": 360
		},
		{
			"user": "WhiteEmerald",
			"link": "https://www.youtube.com/watch?v=s3gRREab4K8",
			"percent": 100,
			"hz": 120
		},
		{
			"user": "Wyatt GD",
			"link": "https://www.youtube.com/watch?v=Yo-2YH5BRP0",
			"percent": 100,
			"hz": 240
		},
		{
			"user": "aiapihud",
			"link": "https://www.youtube.com/watch?v=_ULJvFALn2c",
			"percent": 100,
			"hz": 144
		},
		{
			"user": "Zappiks",
			"link": "https://www.youtube.com/watch?v=kDmcXQmA5Xo",
			"percent": 100,
			"hz": 360
		},
		{
			"user": "Vink",
			"link": "https://youtu.be/1hH3hQJnEVk",
			"percent": 100,
			"hz": 240
		},
		{
			"user": "Lelzi",
			"link": "https://youtu.be/J4NvLOYLjA8",
			"percent": 100,
			"hz": 360
		},
		{
			"user": "Bibox",
			"link": "https://youtu.be/t_MJDvesjNE",
			"percent": 100,
			"hz": 360
		},
		{
			"user": "iRaily",
			"link": "https://youtu.be/BNUkCJVtyuM?si=X9sWdJt474iW3kKf",
			"percent": 100,
			"hz": 288
		},
		{
			"user": "IcaroX",
			"link": "https://youtu.be/9NRxo3dERx8?si=N0BgUdsBO1M65oef",
			"percent": 100,
			"hz": 360
		},
		{
			"user": "sombrellas",
			"link": "https://youtu.be/iDmkvMWpRvs?si=TwbpJM44Rs9rfQdV",
			"percent": 100,
			"hz": 360
		},
		{
			"user": "spryzen",
			"link": "https://www.youtube.com/watch?v=qXj9AS93PE4&t=8s",
			"percent": 100,
			"hz": 288
		},
		{
			"user": "BlueTomcat",
			"link": "https://youtu.be/ZYUeyIwyx9Y?si=BszvtEQmMmVxAG2b",
			"percent": 100,
			"hz": 144
		},
		{
			"user": "Abr4h4M",
			"link": "https://youtu.be/Vk4Xl2DBDfI",
			"percent": 100,
			"hz": 360
		},
		{
			"user": "lolwut",
			"link": "https://www.youtube.com/watch?v=TAdRUt92Wnc",
			"percent": 100,
			"hz": 144
		},
		{
			"user": "1GMitzy",
			"link": "https://youtu.be/fJkFGkUyfoI?si=Bc8cuZk88x7NqArW",
			"percent": 100,
			"hz": 240
		},
		{
			"user": "BrentBeni",
			"link": "https://www.youtube.com/watch?v=_XPDKfyWFFk",
			"percent": 100,
			"hz": 300
		},
		{
			"user": "JustXSoos",
			"link": "https://www.youtube.com/watch?v=6nM_blVaWYc",
			"percent": 100,
			"hz": 360
		},
		{
			"user": "Petrix",
			"link": "https://www.youtube.com/watch?v=pQpzFerlVPE",
			"percent": 100,
			"hz": 360
		},
		{
			"user": "Bruvuii",
			"link": "https://youtu.be/rX7W8EU_TVw",
			"percent": 100,
			"hz": 240
		},
		{
			"user": "goobrey",
			"link": "https://youtu.be/4pAhzmxBF90?si=PdogezqAvFeSv8T3",
			"percent": 100,
			"hz": 360
		},
		{
			"user": "Colizzion",
			"link": "https://youtu.be/qSnV36g0rMw",
			"percent": 100,
			"hz": 240
		},
		{
			"user": "[FOWL] Glowing",
			"link": "https://www.youtube.com/watch?v=gL0qvin6DYw&ab_channel=Glowing",
			"percent": 100,
			"hz": 244
		},
		{
			"user": "J03B",
			"link": "https://youtu.be/h4IVmDAanPs?si=CNwycr1_faNBN1sR",
			"percent": 100,
			"hz": 360
		},
		{
			"user": "[STAFF] Aphelix",
			"link": "https://www.youtube.com/watch?v=5Dv1Ia6NVYI",
			"percent": 100,
			"hz": 240
		},
		{
			"user": "Volplay",
			"link": "https://www.youtube.com/watch?v=SwXYMe6NMts&list=PLXjFPTwoly4P7jhK-dAn3tZmhiCN5Lo81&index=27&pp=gAQBiAQB",
			"percent": 100,
			"hz": 240
		},
		{
			"user": "Rub1d1um",
			"link": "https://youtu.be/fVSwzji-bJM",
			"percent": 100,
			"hz": 360
		},
		{
			"user": "[AFP] vitamin227",
			"link": "https://youtu.be/QncpKj_mhjU?si=cJwlHev64wX_eS3S",
			"percent": 100,
			"hz": 144
		},
		{
			"user": "Roby",
			"link": "https://www.youtube.com/watch?v=OHINy6GoZiQ&list=PLykN4njz3_Unf0iejgHl2eLjXkvsNo2gA&index=65",
			"percent": 100,
			"hz": 144
		},
		{
			"user": "Amza",
			"link": "https://www.youtube.com/watch?v=sgGD9ckNc8w&t=631s&ab_channel=Amza",
			"percent": 100,
			"hz": 300
		},
		{
			"user": "Nilusape",
			"link": "https://youtu.be/PUkarZBsj9k?si=-lDjnYkWRsDkzMSH",
			"percent": 100,
			"hz": 240
		},
		{
			"user": "DuckOfSxness",
			"link": "https://www.youtube.com/watch?v=IGFXsNNEq4s",
			"percent": 100,
			"hz": 360
		},
		{
			"user": "stonerchick",
			"link": "https://youtu.be/J7_yIcx5Ijw",
			"percent": 100,
			"hz": 144
		},
		{
			"user": "FlexiumNova",
			"link": "https://www.youtube.com/watch?v=EpTS8Bn_7c0",
			"percent": 100,
			"hz": 360
		},
		{
			"user": "Antarkh",
			"link": "https://youtu.be/CPee7X9dp3E?si=Ksk0WSCur-yP7Rvg",
			"percent": 100,
			"hz": 360
		},
		{
			"user": "Chiril",
			"link": "https://youtu.be/jEVyhuQnlnQ?si=I0epCeDflDmWzIu0",
			"percent": 100,
			"hz": 360
		},
		{
			"user": "Zakuya",
			"link": "https://www.youtube.com/watch?v=ZD-26Kc5FKw&t=81s",
			"percent": 100,
			"hz": 360
		},
		{
			"user": "7N",
			"link": "https://youtu.be/vZJbSdaPYRo",
			"percent": 100,
			"hz": 360
		},
		{
			"user": "Bribo",
			"link": "https://youtu.be/co_jLZcpdYg?si=szTPNiRcD7_OrwcU",
			"percent": 100,
			"hz": 360,
			"mobile": true
		},
		{
			"user": "DerModster",
			"link": "https://www.youtube.com/watch?v=klT9WfzldNM",
			"percent": 100,
			"hz": 360
		},
		{
			"user": "[BUDDY] gdemerald",
			"link": "https://www.youtube.com/watch?v=2943cw67wFo&list=PL35LTwombxApkl1vCWbUPvG6tDOvUDwsN&index=53",
			"percent": 100,
			"hz": 360
		},
		{
			"user": "Vikings",
			"link": "https://www.youtube.com/watch?v=ZYnIesg0M1M",
			"percent": 100,
			"hz": 360
		},
		{
			"user": "preyyy",
			"link": "https://www.youtube.com/watch?v=aCLtWiyPSoM",
			"percent": 100,
			"hz": 360
		},
		{
			"user": "DibiiziCookie",
			"link": "https://youtu.be/w0lfm6uW0m8?si=51nIESEcUFV2CBQN",
			"percent": 100,
			"hz": 360
		},
		{
			"user": "FaDoLog",
			"link": "https://youtu.be/b1ce53xPWso?si=4WRfeJbhnf5Tl66q",
			"percent": 100,
			"hz": 360
		},
		{
			"user": "DerExtravagante",
			"link": "https://youtu.be/uTxrryjQbak?si=MzgpXbK25Xzb1J2S",
			"percent": 100,
			"hz": 360
		},
		{
			"user": "[BHO] ItzMira",
			"link": "https://youtu.be/N4tvT3lxzlY?si=3Liw0C2kxFeSsfVz",
			"percent": 100,
			"hz": 360
		},
		{
			"user": "425WSHN",
			"link": "https://medal.tv/games/geometry-dash/clips/i86wwcXWmCM36iBux/d133730CBHr5?invite=cr-MSx2QkcsODAxNDI1Nyw",
			"percent": 100,
			"hz": 360
		},
		{
			"user": "narkify",
			"link": "https://youtu.be/peNIhAtSx5M?si=Nb9SJ_pVGjezW_21",
			"percent": 100,
			"hz": 360
		},
		{
			"user": "Hubertos",
			"link": "https://youtu.be/IdV1dzeFv9E?si=XOA4vR3ttXlCNi2-",
			"percent": 100,
			"hz": 360
		},
		{
			"user": "Aiden",
			"link": "https://youtu.be/pCTRAigExU8?si=3yykg_jj07If6OoA",
			"percent": 100,
			"hz": 360
		},
		{
			"user": "[PU55Y] Willow",
			"link": "https://youtu.be/lbiSXu5GQu8",
			"percent": 100,
			"hz": 360
		},
		{
			"user": "elsanti33",
			"link": "https://youtu.be/OaCnTbh9RDc",
			"percent": 100,
			"hz": 360
		},
		{
			"user": "Thonyell",
			"link": "https://youtu.be/a46BluHFk-0",
			"percent": 100,
			"hz": 360
		},
		{
			"user": "Zack",
			"link": "https://youtu.be/wys-wqHg1G0?si=J8sfdEMS37ffAf_h",
			"percent": 100,
			"hz": 360
		},
		{
			"user": "ninezz",
			"link": "https://youtu.be/KoUdLgXS4GQ",
			"percent": 100,
			"hz": 360
		},
		{
			"user": "imbaz",
			"link": "https://www.youtube.com/watch?v=HnFSg7AUJXk",
			"percent": 100,
			"hz": 360
		}
	]
}
