{
	"id": 95228237,
	"name": "ZOOOOOOOOOOOOOOOOOOM",
	"tags": [
		"2.1",
		"Long",
		"Fast-Paced",
		"Flow",
		"Overall"
	],
	"author": "Awesomeme360",
	"creators": [],
	"verifier": "Rqd",
	"verification": "https://youtu.be/Rxb5iRPh_Gw?si=eIJKgcoL_iziW5vD",
	"percentToQualify": 100,
	"password": "No Copy",
	"records": [
		{
			"user": "JustXSoos",
			"link": "https://www.youtube.com/watch?v=a7I_8dltxlc",
			"percent": 100,
			"hz": 360
		},
		{
			"user": "Lelzi",
			"link": "https://youtu.be/3xOeDCy6kbM",
			"percent": 100,
			"hz": 360
		},
		{
			"user": "BlueTomcat",
			"link": "https://youtu.be/uDxmoPZJdvI?feature=shared",
			"percent": 100,
			"hz": 288
		},
		{
			"user": "Dep96",
			"link": "https://www.youtube.com/watch?v=KFcL4KMTgns",
			"percent": 100,
			"hz": 360
		},
		{
			"user": "iiLogan",
			"link": "https://youtu.be/EHt3JMaEGzU?si=fvW96csrtVBnh3K5",
			"percent": 100,
			"hz": 9999
		},
		{
			"user": "Bleamer",
			"link": "https://www.youtube.com/watch?v=UTFtUK07zhA",
			"percent": 100,
			"hz": 240
		},
		{
			"user": "cuin894",
			"link": "https://youtu.be/AEiYIQQKEto",
			"percent": 100,
			"hz": 240
		},
		{
			"user": "ddddr",
			"link": "https://youtu.be/g2IezfO5bUQ?si=knGRBCTdFXPhvn9C",
			"percent": 100,
			"hz": 144
		},
		{
			"user": "HotNooB",
			"link": "https://youtu.be/P1GuEHwu7fE",
			"percent": 100,
			"hz": 240
		},
		{
			"user": "iamfinley",
			"link": "https://www.youtube.com/watch?v=oLdsO7ECXYQ&t=2s",
			"percent": 100,
			"hz": 360
		},
		{
			"user": "Cadrega",
			"link": "https://youtu.be/YA5tvaD6J4k",
			"percent": 100,
			"hz": 240
		},
		{
			"user": "Colizzion",
			"link": "https://youtu.be/2NErs2AhK8E",
			"percent": 100,
			"hz": 240
		},
		{
			"user": "Xholeda",
			"link": "https://youtu.be/O7QjijiSRmw",
			"percent": 100,
			"hz": 240
		},
		{
			"user": "kekchungle44",
			"link": "https://youtu.be/UZTQh4uFNJ8",
			"percent": 100,
			"hz": 240
		},
		{
			"user": "IcaroX",
			"link": "https://youtu.be/GqNV0n7_wy0?si=ThlzpUw2nSVZflue",
			"percent": 100,
			"hz": 360
		},
		{
			"user": "Compass",
			"link": "https://youtu.be/768uhCnjiq8?si=P3csCyiQTzL9Zf1p",
			"percent": 100,
			"hz": 360
		},
		{
			"user": "Volplay",
			"link": "https://www.youtube.com/watch?v=sHWfwVcMU0g&list=PLXjFPTwoly4P7jhK-dAn3tZmhiCN5Lo81&index=112&pp=gAQBiAQBsAQB",
			"percent": 100,
			"hz": 360
		},
		{
			"user": "maxler",
			"link": "https://www.youtube.com/watch?v=HLG7gWSqGdQ",
			"percent": 100,
			"hz": 144
		},
		{
			"user": "[MOAT] Marko",
			"link": "https://www.youtube.com/watch?v=qewzbjz7pXM",
			"percent": 100,
			"hz": 144
		},
		{
			"user": "J03B",
			"link": "https://www.youtube.com/watch?v=H1GVJC9zd0Q",
			"percent": 100,
			"hz": 240
		},
		{
			"user": "BABA",
			"link": "https://youtu.be/8WdsDxyX6oM?si=Vs_HCPW2KT5RxRQh",
			"percent": 100,
			"hz": 120,
			"mobile": true
		},
		{
			"user": "Lia",
			"link": "https://www.youtube.com/watch?v=7FRSEpAapG4",
			"percent": 100,
			"hz": 432
		},
		{
			"user": "[PU55Y] Willow",
			"link": "https://youtu.be/hmbGt0J9x6Q",
			"percent": 100,
			"hz": 240
		},
		{
			"user": "Evvolin",
			"link": "https://youtu.be/Uewif-8BwAc?si=T7actF3ZWuGDybsa",
			"percent": 100,
			"hz": 165
		},
		{
			"user": "lumi",
			"link": "https://youtu.be/JQgMf4YJwaI?si=lDQuBnJMPgkCuMrv",
			"percent": 100,
			"hz": 240
		},
		{
			"user": "Oceliveth",
			"link": "https://youtu.be/i9UA-cehMNY",
			"percent": 100,
			"hz": 432
		},
		{
			"user": "MJHOMER",
			"link": "https://www.youtube.com/watch?v=AUf0TD5lMHU",
			"percent": 100,
			"hz": 240
		},
		{
			"user": "aerodynosaur",
			"link": "https://www.youtube.com/watch?v=6nKlB7pvq1w&t",
			"percent": 100,
			"hz": 240
		},
		{
			"user": "[BHO] Catliest",
			"link": "https://youtu.be/Cvb4GZ4gtc0",
			"percent": 100,
			"hz": 360
		},
		{
			"user": "DJ1482",
			"link": "https://youtu.be/4pwORuqnBVo",
			"percent": 100,
			"hz": 360
		},
		{
			"user": "[FOWL] SigmaEdger911",
			"link": "https://youtu.be/2KAEgHK_5PU?si=Mx66G63RDRZDJcSY",
			"percent": 100,
			"hz": 360
		},
		{
			"user": "[MOAT] Epon06",
			"link": "https://www.youtube.com/watch?v=XwQhqfh2jTk",
			"percent": 100,
			"hz": 360
		},
		{
			"user": "wadur",
			"link": "https://youtu.be/5ICjp-wF8j0",
			"percent": 100,
			"hz": 360
		},
		{
			"user": "Vink",
			"link": "https://youtu.be/tf3iaHYXro0?si=js8o6blJypVB9pjF",
			"percent": 100,
			"hz": 360
		},
		{
			"user": "pen",
			"link": "https://youtu.be/3VxcEbgobes?si=rHTFSSVbXjCfZirs",
			"percent": 100,
			"hz": 360
		},
		{
			"user": "Bamvie",
			"link": "https://youtu.be/B5iuB-t6AqE?si=COnq4B023eRzyp5x",
			"percent": 100,
			"hz": 360
		},
		{
			"user": "twirlyst",
			"link": "https://youtu.be/uUPQbMct5Gg?si=jVpKS3i532QzuJfc",
			"percent": 100,
			"hz": 360
		},
		{
			"user": "Letangu",
			"link": "https://www.youtube.com/watch?v=y1lzeBxgono",
			"percent": 100,
			"hz": 360
		},
		{
			"user": "Blacksuide",
			"link": "https://www.youtube.com/watch?v=5yT67lSEG68",
			"percent": 100,
			"hz": 360
		},
		{
			"user": "Nsaynchkn",
			"link": "https://youtu.be/RtI6XAuNcE0",
			"percent": 100,
			"hz": 360
		},
		{
			"user": "aewsomeme360",
			"link": "https://youtu.be/6nMbl39RpFs?si=Lh3kNaAE-xgMpGyY",
			"percent": 100,
			"hz": 360
		},
		{
			"user": "[STAFF] Aphelix",
			"link": "https://youtu.be/99WsJ1HY2sU?feature=shared",
			"percent": 100,
			"hz": 360
		},
		{
			"user": "[RDS] sxLise",
			"link": "https://youtu.be/6ekMszXEIYc",
			"percent": 100,
			"hz": 360
		},
		{
			"user": "Clay5701",
			"link": "https://youtu.be/siZGXSjx5yI?si=XNo9aM0MFjBdB3Ed",
			"percent": 100,
			"hz": 360
		},
		{
			"user": "[RDS] BazookaBrooze",
			"link": "https://drive.google.com/file/d/1zVcXC_zfWwodHWkB1G1CI-NPfBH6zYQO/view?usp=sharing",
			"percent": 100,
			"hz": 360
		},
		{
			"user": "[BUDDY] capu",
			"link": "https://www.youtube.com/watch?v=7hbludCF1hM",
			"percent": 100,
			"hz": 360
		},
		{
			"user": "Joshua83",
			"link": "https://youtu.be/Yh7T0qecy7Y",
			"percent": 100,
			"hz": 360
		},
		{
			"user": "kas ia",
			"link": "https://youtu.be/we2UYn8wlxs?si=k1XsU__KjK1UTrrj",
			"percent": 100,
			"hz": 360
		},
		{
			"user": "Zenta",
			"link": "https://youtu.be/KTezOrinPSc",
			"percent": 100,
			"hz": 360
		},
		{
			"user": "Ding Dang",
			"link": "https://youtu.be/1iDKQdt0028",
			"percent": 100,
			"hz": 360
		},
		{
			"user": "[BUDDY] eNiko",
			"link": "https://youtu.be/LXpPI7noomA",
			"percent": 100,
			"hz": 360
		},
		{
			"user": "ultrakawaHD",
			"link": "https://www.youtube.com/watch?v=9js_A8mn2vo",
			"percent": 100,
			"hz": 360
		},
		{
			"user": "redd",
			"link": "https://www.youtube.com/watch?v=Ech_fYVl_Ck",
			"percent": 100,
			"hz": 360
		},
		{
			"user": "425WSHN",
			"link": "https://medal.tv/games/geometry-dash/clips/23dbdQJUlMZlpU/d1337Dv8S0KE?invite=cr-MSxnNTQsODAxNDI1Nyw",
			"percent": 100,
			"hz": 360
		},
		{
			"user": "Hubertos",
			"link": "https://youtu.be/cGq07471YtM?si=wHHqbQHu8hanM8TV",
			"percent": 100,
			"hz": 360
		},
		{
			"user": "Ryclix",
			"link": "https://www.youtube.com/watch?v=SzxTDtW_U9s",
			"percent": 100,
			"hz": 360
		},
		{
			"user": "[FOWL] K3NNYY0",
			"link": "https://youtu.be/qWJDtyDR2xY",
			"percent": 100,
			"hz": 360
		},
		{
			"user": "asmallsock",
			"link": "https://www.youtube.com/watch?v=3Btdc9WDbtc",
			"percent": 100,
			"hz": 360
		},
		{
			"user": "ijacek_cz",
			"link": "https://youtu.be/Wqg20EGLlyM?si=IrXOuyfavT-sh7Xp",
			"percent": 100,
			"hz": 360
		},
		{
			"user": "asdsdvb",
			"link": "https://www.youtube.com/watch?v=cUfJwVRdL40",
			"percent": 100,
			"hz": 360
		},
		{
			"user": "MrPlayge",
			"link": "https://youtu.be/mcaBBwNl21A",
			"percent": 100,
			"hz": 360
		},
		{
			"user": "NatNat",
			"link": "https://youtu.be/Fjzg9aKrsTk?si=aPcmf29LiSX4R-ZL",
			"percent": 100,
			"hz": 360
		},
		{
			"user": "eleek",
			"link": "https://www.youtube.com/watch?v=d0NKPzOTOAw&ab_channel=ElEek",
			"percent": 100,
			"hz": 360
		},
		{
			"user": "ZoomGD",
			"link": "https://www.youtube.com/watch?v=0rQEkgnv23k",
			"percent": 100,
			"hz": 360
		},
		{
			"user": "Yaboi21",
			"link": "https://youtu.be/DkXOuXcv1oI",
			"percent": 100,
			"hz": 360
		},
		{
			"user": "zzzentic",
			"link": "https://www.youtube.com/watch?v=EOl243zr_hM",
			"percent": 100,
			"hz": 360
		},
		{
			"user": "TastyLemonCake",
			"link": "https://www.youtube.com/watch?v=HDl5lAB_AyI",
			"percent": 100,
			"hz": 360
		},
		{
			"user": "chim",
			"link": "https://www.youtube.com/watch?v=Tyc8VL7FPng&ab_channel=Ch%3Bm",
			"percent": 100,
			"hz": 360
		},
		{
			"user": "naro",
			"link": "https://youtu.be/NCRcL7Pmumw?si=LLUGtZY3-rrHz3Sq",
			"percent": 100,
			"hz": 360
		}
	]
}